train_accuracy,test_accuracy
0.9233140655105972,0.9038759689922481
