reg. value,validation accuracy,test accuracy
1e-06,0.8948940269749517,0.8945736434108527
