train_accuracy,test_accuracy
0.8779383429672447,0.8767441860465116
