train_accuracy,test_accuracy
0.9957610789980732,0.9771317829457364
