Mean test score,Mean train score,Std test score,Std train score,C
0.87900,1.00000,0.00183,0.00000,1
0.87900,1.00000,0.00183,0.00000,10
0.87900,1.00000,0.00183,0.00000,100
0.87900,1.00000,0.00183,0.00000,1000
0.87900,1.00000,0.00183,0.00000,10000
0.87900,1.00000,0.00183,0.00000,1000000
