train_accuracy,test_accuracy
0.9782273603082852,0.9523255813953488
