train_accuracy,test_accuracy
0.9811175337186898,0.9573643410852714
