train_accuracy,test_accuracy
0.9235067437379576,0.8965116279069767
