reg. value,validation accuracy,test accuracy
1e-06,0.8908477842003855,0.8930232558139535
