train_accuracy,test_accuracy
0.8789980732177264,0.8744186046511628
