reg. value,validation accuracy,test accuracy
1.5943229999999992e-07,0.8970134874759152,0.9027131782945736
