reg. value,validation accuracy,test accuracy
1.1622614669999992e-10,0.8916184971098267,0.8988372093023256
